"","elpd_diff","se_diff","elpd_loo","se_elpd_loo","p_loo","se_p_loo","looic","se_looic"
"model1",0,0,-477.19953391842,11.0210217780002,8.30371583265475,1.51268182396414,954.39906783684,22.0420435560005
"model4",-6.1823190654907,2.68374629101425,-483.381852983911,10.3061413037775,11.649114050779,2.81971612468731,966.763705967821,20.6122826075549
"model3",-6.43014921977135,2.81442507223142,-483.629683138192,10.2724888432567,11.7093117848263,2.84883027604593,967.259366276383,20.5449776865134
"model2",-8.1163139787839,3.01970658509341,-485.315847897204,10.2814217508643,12.9338623633132,3.06011281440675,970.631695794408,20.5628435017286
