"","focal","function.int","Rhat","Neff"
"1","LARO",1,1.00138621821874,2188.3775825056
"2","LARO",2,1.00166771341539,2640.04177899659
"3","LARO",3,1.00213469387571,1623.96505452988
"4","LARO",4,1.01281359505017,378.549029282649
