"","focal","function.int","Rhat","Neff"
"1","LARO",1,1.00421025324399,677.079096079405
"2","LARO",2,1.00987449822943,593.546991272371
"3","LARO",3,1.00687631687033,517.142631244937
"4","LARO",4,1.00788607125169,577.466968667179
