"","function.name","ab.min","ab.max","ab.mean","ab.sd","ab.median","dfreedom"
"1","1.Traditional",0,74.5330400148674,14.9195616072409,10.4395869468716,13.5383830016839,2099
"2","2.Linear",0,47.9656509180828,0.847486636429862,3.05814268527997,0.00222062309227296,2099
"3","3.Exp",0,40.73476750574,6.31034641809122,6.00977795800719,4.53419410003178,2099
"4","4.Sigmoid",0,46.0402019647204,6.91217082140313,6.51550002697254,4.99035868769222,2099
"5","observed",0,40,1.84245398773006,3.67964904119526,0.5,814
