,function.name,ab.min,ab.max,ab.mean,ab.sd,ab.median,dfreedom
1,1.Traditional,0,61.97183454,8.638447657,8.356589871,6.652219174,2099
2,2.Linear,0,38.35871949,0.687577052,2.449152778,0.000598375,2099
3,3.Exp,0,40.03503139,4.768508302,5.43431978,3,2099
4,4.Sigmoid,0,40.45956977,4.700516853,5.577341178,2.701837182,2099